TULOCTOT,TULOC,TULAT,TUDIR,TUPORTOT
ADRENAL,ADRENAL GLAND,,,
ADRENAL LEFT,ADRENAL GLAND,LEFT,,
ADRENAL LEFT ADRENAL,ADRENAL GLAND,LEFT,,
ADRENAL LEFT RENAL GLAND,ADRENAL GLAND,LEFT,,
ADRENAL LEFT THICKENING,ADRENAL GLAND,LEFT,,
ADRENAL RIGHT,ADRENAL GLAND,RIGHT,,
ADRENAL RIGHT ENLARGED,ADRENAL GLAND,RIGHT,,
BONE,BONE,,,
BONE LESION OF L2,L2 VERTEBRA,,,
BONE LOMBAR REGION,LUMBAR REGION,,,
BONE LUMBAR SPINE 1 RIGHT,LUMBAR SPINE SEGMENT 1,RIGHT,,
BONE OS ILIUM,ILIUM,,,
BONE PELVIS,PELVIS,,,
BONE VERTEBRA L2,L2 VERTEBRA,,,
GASTROINTESTINAL TRACT,GASTROINTESTINAL TRACT,,,
GASTROINTESTINAL TRACT DOUDENUM THICKENING,DUODENUM,,,
GASTROINTESTINAL TRACT RETRO GASTRIC,RETROGASTRIC,,,
KIDNEYS LEFT ADRENAL GLAND,ADRENAL GLAND,LEFT,,
KIDNEYS LEFT KIDNEY,KIDNEY,LEFT,,
KIDNEYS LEFT KIDNEY MASS,KIDNEY,LEFT,,
KIDNEYS LEFT RENAL CYSTS,KIDNEY,LEFT,,
KIDNEYS LEFT SIDED NEPHROLITHIASIS.,KIDNEY,LEFT,,
KIDNEYS RIGHT KIDNEY,KIDNEY,RIGHT,,
LIVER,LIVER,,,
LIVER #1,LIVER SEGMENT 1,,,
LIVER #2,LIVER SEGMENT 2,,,
LIVER #3,LIVER SEGMENT 3,,,
LIVER #4,LIVER SEGMENT 4,,,
LIVER #5,LIVER SEGMENT 5,,,
LIVER 2 SEGMENT,LIVER SEGMENT 2,,,
LIVER 2 SEGMENT OF THE LIVER,LIVER SEGMENT 2,,,
LIVER 2/3 SEGMENT OF LIVER,LIVER SEGMENT 2-3,,,
LIVER 2ND SEGMENT,LIVER SEGMENT 2,,,
LIVER 3RD SEGMENT,LIVER SEGMENT 3,,,
LIVER 4 SEGMENT,LIVER SEGMENT 4,,,
LIVER 4A SEGMENT,LIVER SEGMENT 4A,,,
LIVER 4A SEGMENT OF LIVER,LIVER SEGMENT 4A,,,
LIVER 5 SEGMENT,LIVER SEGMENT 5,,,
LIVER 5 SEGMENT OF LIVER,LIVER SEGMENT 5,,,
LIVER 6 SEGMENT,LIVER SEGMENT 6,,,
LIVER 7 SEGMENT,LIVER SEGMENT 7,,,
LIVER 7-8 SEGMENT,LIVER SEGMENT 7-8,,,
LIVER 8 SEGMENT,LIVER SEGMENT 8,,,
LIVER 8 SEGMENT OF LIVER,LIVER SEGMENT 8,,,
LIVER 8TH SEGMENT,LIVER SEGMENT 8,,,
LIVER ABDOMEN,LIVER,,,
LIVER ALL SEGMENTS,LIVER,,,
"LIVER ANTERIOR ASPECT, POSTERIOR LESION",LIVER,,POSTERIOR,
LIVER ANTERIORLY,LIVER,,ANTERIOR,
LIVER AT THE JUNCTION SEGMENT IV & II,LIVER JUNCTION OF SEGMENT 4 & 2,,,
LIVER BETWEEN LEFT AND RIGHT LOBE,LIVER BETWEEN LEFT AND RIGHT LOBE,,,
LIVER BORDELAND OF SEGMENT 4 AND 5,LIVER BORDER OF SEGMENT 4 & 5,LIVER BORDER OF SEGMENT 4 & 5,,
LIVER BOTH LOBES,LIVER,BILATERAL,,
"LIVER BOTH LOBES, MULTIPLE",LIVER,BILATERAL,,MULTIPLE
LIVER BOTH OF LOBES,LIVER,BILATERAL,,
LIVER CAUDAL RIGHT LOBE,LIVER CAUDATE LOBE,,,
LIVER CAUDALLY,LIVER CAUDATE LOBE,,,
LIVER CAUDATE LOBE,LIVER CAUDATE LOBE,,,
LIVER CAUDATE LOBE CAUDALLY,LIVER CAUDATE LOBE,,,
LIVER CAYDATE LOBE,LIVER CAUDATE LOBE,,,
LIVER CUT NO 100,LIVER,,,
LIVER DIAPHRAGMATIC SURFACE #1,LIVER DIAPHRAGMATIC SURFACE 1,,,
LIVER DIAPHRAGMATIC SURFACE #2,LIVER DIAPHRAGMATIC SURFACE 2,,,
LIVER DIFFUSE,LIVER,,,PORTION
LIVER DISSEMINATED,LIVER,,,PORTION
LIVER DOME,LIVER DOME,,,
LIVER DOME OF LIVER,LIVER DOME,,,
LIVER DOME OF LIVER #2,LIVER DOME 2,,,
LIVER DOME OF RIGHT LOBE POST,LIVER DOME,RIGHT,,
LIVER DOWN RIGHT LOBE,LIVER LOBE,RIGHT,LOWER,
LIVER ENTIRE LIVER METASTASES,LIVER,,,ENTIRE
LIVER FT HEPATIC,LIVER,,,PORTION
LIVER HEPATIC LESION,LIVER,,,
LIVER HEPATIC METASTASIS - 8TH AND 7TH HEPATIC SEGMENTS,LIVER SEGMENT 7-8,,,
LIVER HEPATIC NODE,HEPATIC LYMPH NODE,,,
LIVER HEPATIC NODES,HEPATIC LYMPH NODE,,,
LIVER HETEROGENOUS ENHANCEMENT,LIVER,,,
LIVER HIGH ON RIGHT SIDE ADJACENT DIAPHRAGM,LIVER,RIGHT,UPPER,
LIVER HYPODENSE LESION THRUOGH OUT THE LIVER,LIVER,,,
LIVER II SEGMENT,LIVER SEGMENT 2,,,
LIVER III SEGMENT,LIVER SEGMENT 3,,,
LIVER INFERIOR RIGHT LOBE,LIVER LOBE,RIGHT,INFERIOR,
LIVER INFERIOR TIP,LIVER TIP,,INFERIOR,
LIVER IV A SEGMEMT,LIVER SEGMENT 4A,,,
LIVER IV B SEGMENT,LIVER SEGMENT 4B,,,
LIVER IV SEGMENT,LIVER SEGMENT 4,,,
LIVER JUNCTION OF RIGHT AND LEFT LOBES,LIVER BETWEEN LEFT AND RIGHT LOBE,,,
LIVER L LOBE LATERAL SEGMENT,LIVER LOBE SEGMENT,LATERAL,,
LIVER LATERAL ASPECT RIGHT LIVER,LIVER LATERAL ASPECT,RIGHT,,
LIVER LATERAL TO LARGE MASS IN DOME,LIVER DOME,LATERAL,,
LIVER LEFT HEPATIC LOBE,LIVER LOBE,LEFT,,
LIVER LEFT HEPATIC MASS SEGMENT IV,LIVER SEGMENT 4,,,
LIVER LEFT HEPATIC MASS SEGMENT IV POSTERIOR,LIVER SEGMENT 4,POSTERIOR,,
LIVER LEFT LATERAL LIVER,LIVER LATERAL,LEFT,,
LIVER LEFT LATERAL SEGMENT OFTHE LIVER,LIVER LATERAL SEGMENT,LEFT,,
LIVER LEFT LIVER,LIVER,LEFT,,
LIVER LEFT LIVER LOB,LIVER LOBE,LEFT,,
LIVER LEFT LIVER LOBE,LIVER LOBE,LEFT,,
LIVER LEFT LIVER LOBE CAUDAL,LIVER CAUDATE LOBE,LEFT,,
LIVER LEFT LIVER LOBE KRANIAL,LIVER CAUDATE LOBE,,,
LIVER LEFT LIVER LOBUS,LIVER LOBUS,LEFT,,
LIVER LEFT LOB,LIVER LOBE,LEFT,,
LIVER LEFT LOBE,LIVER LOBE,LEFT,,
LIVER LEFT LOBE INFERIOR,LIVER LOBE,LEFT,INFERIOR,
LIVER LEFT LOBE LATERAL SEGMENT,LIVER LATERAL SEGMENT,LEFT,,
LIVER LEFT LOBE LIVERWALL,LIVER LOBE WALL,LEFT,,
LIVER LEFT LOBE MEDIAL SEGMENT,LIVER LOBE MEDIAL SEGMENT,,,
LIVER LEFT LOBE OF LIVER,LIVER LOBE,LEFT,,
LIVER LEFT LOBE TO NUMEROUS TO COUNT,LIVER LOBE,LEFT,,MULTIPLE
"LIVER LEFT LOBE, 3 SEGMENT",LIVER SEGMENT 3,LEFT,,
"LIVER LEFT LOBE, S2",LIVER SEGMENT 2,LEFT,,
LIVER LEFT LOBE-LATERAL SEGMENT,LIVER LOBE-LATERAL SEGMENT,LEFT,,
LIVER LEFT LOBE-POST,LIVER LOBE-POST,LEFT,,
LIVER LEFT LOBE-POSTERIORLY,LIVER LOBE-POSTERIORLY,LEFT,,
LIVER LEFT LOWER LOBE,LIVER LOBE,LEFT,LOWER,
LIVER LEFT UPPER LOBE,LIVER UPPER LOBE,LEFT,,
LIVER LEFTHEPATIC MASS SEGMENT IV ANTERIOR,LIVER SEGMENT 4,LEFT,ANTERIOR,
LIVER LIVER,LIVER,,,
LIVER LIVER DEXTER S4 A 8,LIVER SEGMENT 4,,,
LIVER LIVER DOME LESION,LIVER DOME,,,
LIVER LIVER LESION,LIVER,,,
LIVER LIVER LESIONS,LIVER,,,
LIVER LIVER NODULE,LIVER NODULE,,,
LIVER LIVER SEGMENT I,LIVER SEGMENT 1,,,
LIVER LIVER SEGMENT II,LIVER SEGMENT 2,,,
LIVER LIVER SEGMENT IV-VI,LIVER SEGMENT4-5,,,
LIVER LIVER SEGMENT VI,LIVER SEGMENT 6,,,
LIVER LIVER SEGMENT VII-VIII,LIVER SEGMENT 7-8,,,
LIVER LIVER SEGMENT VIII,LIVER SEGMENT 8,,,
LIVER LIVER VI,LIVER SEGMENT 6,,,
LIVER LIVER-RIGHT LOWER LOBE,LIVER LOWER LOBE,RIGHT,,
LIVER LOBE 7,LIVER LOBE 7,,,
LIVER LOBE LEFT,LIVER LOBE,LEFT,,
LIVER LOBUS CAUDATUS,LIVER CAUDATE LOBE,,,
LIVER LOW DENSITY NODULE IN THE IV SEGMENT,LIVER SEGMENT 4,,,
LIVER LT LOBE,LIVER LOBE,LEFT,,
LIVER MANY METASTASIS,LIVER,,,MULTIPLE
LIVER MATASTASIS,LIVER,,,
LIVER MEDIAL MARGIN-SEGMENT 4,LIVER SEGMENT 4,,,
LIVER MEDIAL SEGMENT OF LEFT LOBE,LIVER LOBE,LEFT,,
LIVER METASTASES,LIVER,,,
LIVER METASTASES-S5,LIVER SEGMENT 5,,,
LIVER METASTASES-S8,LIVER SEGMENT 8,,,
LIVER METASTASIS,LIVER,,,
LIVER MIDDLE,LIVER,,,
LIVER MIDPORTION,LIVER,MIDDLE,,PORTION
LIVER MILD PERIFERAL ENHANCEMENT IN SEGMENT 5,LIVER SEGMENT 5,,,
LIVER MULTIFOCAL,LIVER,,,
LIVER MULTIPLE,LIVER,,,MULTIPLE
LIVER MULTIPLE BILOBAR,LIVER,,,MULTIPLE
LIVER MULTIPLE BOTH LOBES,LIVER,BILATERAL,,MULTIPLE
LIVER MULTIPLE IN SUBSITE,LIVER,,,MULTIPLE
LIVER MULTIPLE LESION,LIVER,,,MULTIPLE
LIVER MULTIPLE LESIONS,LIVER,,,MULTIPLE
LIVER MULTIPLE LESIONS IN LIVER,LIVER,,,MULTIPLE
LIVER MULTIPLE LESIONS IN THE LIVER,LIVER,,,MULTIPLE
LIVER MULTIPLE LESIONS OF THE LIVER,LIVER,,,MULTIPLE
LIVER MULTIPLE LIVER LESIONS,LIVER,,,MULTIPLE
LIVER MULTIPLE LOW DENSITY LESIONS,LIVER,,,MULTIPLE
LIVER MULTIPLE METASTASES,LIVER,,,MULTIPLE
LIVER MULTIPLE NODULES,LIVER,,,MULTIPLE
LIVER MULTIPLES HEPATIC METASTASES,LIVER,,,MULTIPLE
LIVER MULTIPLES LESIONS,LIVER,,,MULTIPLE
LIVER NEAR DOME,LIVER,,,
LIVER NEAR SEGMENT 3 LIVER,LIVER SEGMENT 3,,,
LIVER NEXT TO GALL BLADDER,LIVER NEXT TO GALL BLADDER,,,
LIVER NOT SPECIFIED,LIVER,,,
LIVER NUMEROUS SCATTERED NODULES,LIVER,,,MULTIPLE
LIVER NUMEROUS THROUGHOUT,LIVER,,,MULTIPLE
LIVER PART III,LIVER SEGMENT 3,,,
LIVER PART VI,LIVER SEGMENT 6,,,
LIVER PART VII,LIVER SEGMENT 7,,,
LIVER PERIPORTAL NODE,LIVER PERIPORTAL,,,
LIVER PORTAL AXIS,LIVER PORTAL,,,
LIVER PORTOCAVAL NODE,LIVER PORTOCAVAL NODE,,,
LIVER POSTERIOR LIVER,LIVER,,POSTERIOR,
LIVER POSTERIOR RIGHT LOBE,LIVER,RIGHT,POSTERIOR,
LIVER POSTERIOR SEGENT RIGHT LOBE LIVER,LIVER SEGMENT,RIGHT,POSTERIOR,
LIVER POSTERIORLY,LIVER,,POSTERIOR,
LIVER RIGHT AND LEFT LOBE,LIVER LOBE,BILATERAL,,
LIVER RIGHT HEPATIC LOBE,LIVER LOBE,RIGHT,,
LIVER RIGHT HEPATIC MASS SEGMENNT VII,LIVER SEGMENT 7,,,
LIVER RIGHT HEPATIC MASS SEGMENT V-VIII,LIVER SEGMENT 5-6-7-8,,,
LIVER RIGHT INFERIOR LIVER,LIVER,RIGHT,INFERIOR,
LIVER RIGHT LATERAL LOBE,LIVER,RIGHT,LATERAL,
LIVER RIGHT LIVER DOME,LIVER DOME,RIGHT,,
LIVER RIGHT LIVER LOBE,LIVER LOBE,RIGHT,,
LIVER RIGHT LIVER SEGMENT V,LIVER SEGMENT 5,,,
LIVER RIGHT LOB,LIVER LOBE,RIGHT,,
LIVER RIGHT LOBE,LIVER LOBE,RIGHT,,
LIVER RIGHT LOBE ADAJACENT TO FALCIFORM LIGAMENT,LIVER LOBE,RIGHT,,
LIVER RIGHT LOBE ANTERIORLY,LIVER LOBE,RIGHT,ANTERIOR,
LIVER RIGHT LOBE ASCITES,LIVER LOBE,RIGHT,,
LIVER RIGHT LOBE CAUDALLY,LIVER LOBE CAUDATE,RIGHT,,
LIVER RIGHT LOBE COALESCING AT THE RIGHT BASE,LIVER LOBE,RIGHT,LOWER,
LIVER RIGHT LOBE DOME OF DIAPHRAGM,LIVER LOBE DOME OF DIAPHRAGM,RIGHT,,
LIVER RIGHT LOBE DOME POSTERIOR,LIVER LOBE DOME,,POSTERIOR,
LIVER RIGHT LOBE LIVER,LIVER LOBE,RIGHT,,
LIVER RIGHT LOBE MEDIALLY,LIVER LOBE,RIGHT,,
LIVER RIGHT LOBE NEAR DOME,LIVER LOBE NEAR DOME,RIGHT,,
LIVER RIGHT LOBE OF LIVER,LIVER LOBE,RIGHT,,
LIVER RIGHT LOBE SUPERIORLY,LIVER LOBE,,SUPERIOR,
LIVER RIGHT LOBE TO NUMEROUS TO COUNT,LIVER LOBE,RIGHT,,MULTIPLE
"LIVER RIGHT LOBE, 7 SEGMENT",LIVER SEGMENT 7,RIGHT,,
LIVER RIGHT LOBE-ANTERIORLY,LIVER LOBE,RIGHT,ANTERIOR,
LIVER RIGHT LOBE-MULTIPLE,LIVER LOBE,RIGHT,,MULTIPLE
LIVER RIGHT LOBE-POSTERIORLY/INFERIORLY,LIVER LOBE,RIGHT,POSTERIOR,
LIVER RIGHT LOBE-SEGMENT 2,LIVER SEGMENT 2,RIGHT,,
LIVER RIGHT LOBE-SEGMENT 7,LIVER SEGMENT 7,RIGHT,,
LIVER RIGHT LOBE-SEGMENT 8,LIVER SEGMENT 8,RIGHT,,
LIVER RIGHT POSTERIOR LIVER,LIVER,RIGHT,POSTERIOR,
LIVER RIGHT SIDE POSTERIORLY MEDIALLY,LIVER,RIGHT,POSTERIOR,
LIVER RIHGT LOBE,LIVER,RIGHT,,
LIVER RT ANTERIOR LOBE,LIVER,,ANTERIOR,
LIVER RT HEPATIC,LIVER,RIGHT,,
LIVER RT LOBE,LIVER,RIGHT,,
LIVER RT POSTERIOR LOBE,LIVER,RIGHT,POSTERIOR,
LIVER S. 8 S.7 S.5,LIVER SEGMENT 5-7-8,,,
LIVER S.6,LIVER SEGMENT 6,,,
LIVER S.7,LIVER SEGMENT 7,,,
LIVER S.8,LIVER SEGMENT 8,,,
LIVER S.8/4,LIVER SEGMENT 4-8,,,
LIVER S2,LIVER SEGMENT 2,,,
"LIVER S2, S3",LIVER SEGMENT 2-3,,,
LIVER S3,LIVER SEGMENT 3,,,
LIVER S3 SEGMENT,LIVER SEGMENT 3,,,
LIVER S4,LIVER SEGMENT 4,,,
LIVER S5,LIVER SEGMENT 5,,,
LIVER S5 SEGMENT,LIVER SEGMENT 5,,,
LIVER S6,LIVER SEGMENT 6,,,
LIVER S7,LIVER SEGMENT 7,,,
LIVER S8,LIVER SEGMENT 8,,,
LIVER S8 SEGMENT,LIVER SEGMENT 8,,,
LIVER SCATTERED THROUGHT PARENCHYMA,LIVER PARENCHYMA,,,
LIVER SEG 2,LIVER SEGMENT 2,,,
LIVER SEG 5,LIVER SEGMENT 5,,,
LIVER SEG 5 -MULTILEASIONS,LIVER SEGMENT 5,,,MULTIPLE
LIVER SEG 6,LIVER SEGMENT 6,,,
LIVER SEG 7,LIVER SEGMENT 7,,,
LIVER SEG 8,LIVER SEGMENT 8,,,
LIVER SEG. 5/6,LIVER SEGMENT 5-6,,,
LIVER SEG. 6,LIVER SEGMENT 6,,,
LIVER SEG.1,LIVER SEGMENT 1,,,
LIVER SEG.4,LIVER SEGMENT 4,,,
LIVER SEG.5,LIVER SEGMENT 5,,,
LIVER SEG.6,LIVER SEGMENT 6,,,
LIVER SEG.6 #1,LIVER SEGMENT 1-6,,,
LIVER SEG.6/7,LIVER SEGMENT 6-7,,,
LIVER SEG.7,LIVER SEGMENT 7,,,
LIVER SEG.8,LIVERSEGMENT 8,,,
LIVER SEG3,LIVER SEGMENT 3,,,
LIVER SEG5,LIVER SEGMENT 5,,,
LIVER SEG6,LIVER SEGMENT 6,,,
LIVER SEG8,LIVER SEGMENT 8,,,
LIVER SEGM. 2,LIVER SEGMENT 2,,,
LIVER SEGM. 3,LIVER SEGMENT 3,,,
LIVER SEGM. 4,LIVER SEGMENT 4,,,
LIVER SEGM. 6,LIVER SEGMENT 6,,,
LIVER SEGM. 7/8,LIVER SEGMENT 7-8,,,
LIVER SEGM. 8,LIVER SEGMENT 8,,,
LIVER SEGMENT 1,LIVER SEGMENT 1,,,
LIVER SEGMENT 2,LIVER SEGMENT 2,,,
LIVER SEGMENT 2/3,LIVER SEGMENT 2-3,,,
LIVER SEGMENT 3,LIVER SEGMENT 3,,,
LIVER SEGMENT 4,LIVER SEGMENT 4,,,
LIVER SEGMENT 4A,LIVER SEGMENT 4A,,,
LIVER SEGMENT 4B,LIVER SEGMENT 4B,,,
LIVER SEGMENT 5,LIVER SEGMENT 5,,,
LIVER SEGMENT 5/6,LIVER SEGMENT 5-6,,,
LIVER SEGMENT 6,LIVER SEGMENT 6,,,
LIVER SEGMENT 6 AND 7,LIVER SEGMENT 6-7,,,
LIVER SEGMENT 6 OF THE LIVER,LIVER SEGMENT 6,,,
LIVER SEGMENT 7,LIVER SEGMENT 7,,,
LIVER SEGMENT 7 AND 8,LIVER SEGMENT 7-8,,,
LIVER SEGMENT 8,LIVER SEGMENT 8,,,
LIVER SEGMENT 8 AND 4A,LIVER SEGMENT 4A-8,,,
LIVER SEGMENT 8 OF THE LIVER,LIVER SEGMENT 8,,,
LIVER SEGMENT 8/5 LATERAL,LIVER SEGMENT 5-8,LATERAL,,
LIVER SEGMENT 8/5 MEDIAL,LIVER SEGMENT 5-8,MEDIAL,,
LIVER SEGMENT II,LIVER SEGMENT 2,,,
LIVER SEGMENT II-IV-VIII,LIVER SEGMENT 2-4-8,,,
LIVER SEGMENT III,LIVER SEGMENT 3,,,
LIVER SEGMENT III LIVER,LIVER SEGMENT 3,,,
LIVER SEGMENT IV,LIVER SEGMENT 4,,,
LIVER SEGMENT IV A,LIVER SEGMENT 4A,,,
LIVER SEGMENT IV B,LIVER SEGMENT 4B,,,
LIVER SEGMENT IV LIVER,LIVER SEGMENT 4,,,
LIVER SEGMENT IV-V,LIVER SEGMENT 4-5,,,
LIVER SEGMENT NR 5,LIVER SEGMENT 5,,,
LIVER SEGMENT NR 6,LIVER SEGMENT 6,,,
LIVER SEGMENT NR 8,LIVER SEGMENT 8,,,
LIVER SEGMENT V,LIVER SEGMENT 5,,,
LIVER SEGMENT V-VI,LIVER SEGMENT 5-6,,,
LIVER SEGMENT VI,LIVER SEGMENT 6,,,
LIVER SEGMENT VII,LIVER SEGMENT 7,,,
LIVER SEGMENT VIII,LIVER SEGMENT 8,,,
"LIVER SEGMENT-5, IMAGE-57",LIVER SEGMENT 5,,,
"LIVER SEGMENT-6, IMAGE-55",LIVER SEGMENT 6,,,
"LIVER SEGMENT-8, IMAGE-42",LIVER SEGMENT 8,,,
"LIVER SEGMENT-8, IMAGE-43",LIVER SEGMENT 8,,,
"LIVER SEGMENT-8, IMAGE-46",LIVER SEGMENT 8,,,
LIVER SEGMENT6,LIVER SEGMENT 6,,,
LIVER SEGMENTS 2-3,LIVER SEGMENT 2-3,,,
LIVER SEGMENTS 6-7,LIVER SEGMENT 6-7,,,
LIVER SEVERAL METASTASES,LIVER,,,MULTIPLE
LIVER SIXTH SEGMENT,LIVER SEGMENT 6,,,
LIVER SRG.2,LIVER SEGMENT 2,,,
LIVER SUBCAPSULAR REGION R LOBE LIVER,LIVER SUBCAPSULAR REGION,,,
LIVER SUBSITE II,LIVER SEGMENT 2,,,
LIVER SUBSITE III,LIVER SEGMENT 3,,,
LIVER SUBSITE IV,LIVER SEGMENT 4,,,
LIVER SUBSITE V,LIVER SEGMENT 5,,,
LIVER SUBSITE VI,LIVER SEGMENT 6,,,
LIVER SUBSITE VII,LIVER SEGMENT 7,,,
LIVER SUBSITE VIII,LIVER SEGMENT 8,,,
LIVER SUPERIOR LEFT LOBE,LIVER LEFT LOBE,LEFT,,
LIVER THIRD SEGMENT,LIVER SEGMENT 3,,,PORTION
LIVER UNKNOWN SUBSITE,LIVER UNKNOWN,,,
LIVER V SEGMENT,LIVER SEGMENT 5,,,
LIVER V-VI SEGMENT,LIVER SEGMENT 5-6,,,
LIVER VI SEGMENT,LIVER SEGMENT 6,,,
LIVER VI SEGMENTUM RIGHT LOBE,LIVER SEGMENT 6,RIGHT,,
LIVER VII SEGMENT,LIVER SEGMENT 7,,,
LIVER VIII SEGMENT,LIVER SEGMENT 8,,,
LIVER VSEGMENT,LIVER SEGMENT 5,,,
LIVER WITHIN DOME OF THE LIVER,LIVER WITHIN DOME,,,
LIVER WITHIN MEDIAL SEGMENT LEFT LOBE NEAR GALLBLADDER FOSSA,LIVER NEAR GALLBLADDER,MEDIAL,,
LUNGS,LUNGS,,,
LUNGS 10 SEGMENT OF THE LEFT LUNG,LUNGS SEGMENT 10,,,
LUNGS ANTERIOR INFERIOR LOB,LUNGS LOB,,ANTERIOR,
LUNGS APICAL UPPERLOBE PARAMEDIASTINAL,LUNGS LOBE,,UPPER,
LUNGS AZYGOESOPHAGEAL-RT LUNG BASE,LUNGS AZYGOESOPHAGEAL,RIGHT,LOWER,
LUNGS BASIS POSTERIOR SEGMENT,LUNGS BASE SEGMENT,,POSTERIOR,
LUNGS BILAT LUNG BASES-SMALL NODULES,LUNGS BASE,BILATERAL,,
LUNGS BILATERAL,LUNGS,BILATERAL,,
LUNGS BILATERAL LUNG NODULES,LUNGS,BILATERAL,,
LUNGS BILATERAL MULTIPLE LUNG METASTASIS,LUNGS,BILATERAL,,MULTIPLE
LUNGS BILATERAL NODES,LUNGS NODES,BILATERAL,,
LUNGS BILATERAL NODULES,LUNGS NODES,BILATERAL,,
LUNGS BILATERAL-MULTIPLE,LUNGS,BILATERAL,,MULTIPLE
LUNGS DENSITY IN TIGHT INTERLOBULAR FUSSURE,LUNGS INTERLOBULAR,,,
LUNGS INFERIOR LOBE RIGHT LUNG,LUNGS,RIGHT,INFERIOR,
LUNGS LEFT AND RIGHT LOB,LUNGS LOBE,BILATERAL,,
LUNGS LEFT AND RIGHT LUNG,LUNGS,BILATERAL,,
LUNGS LEFT LOWER LOBE,LUNGS,LEFT,LOWER,
LUNGS LEFT LOWER LOBE LUNG,LUNGS,LEFT,LOWER,
LUNGS LEFT LOWER LOBE LUNG LESION,LUNGS,LEFT,LOWER,
LUNGS LEFT LUNG,LUNGS,LEFT,,
LUNGS LEFT LUNG APEX,LUNGS,LEFT,UPPER,
LUNGS LEFT LUNG APEX OPACITY AND BASE,LUNGS,LEFT,,
LUNGS LEFT LUNG BASE,LUNGS,LEFT,LOWER,
LUNGS LEFT UPPER LOBE,LUNGS,LEFT,UPPER,
LUNGS LLL NODULE,LUNGS,LEFT,LOWER,
LUNGS LOWER LOBE RIGHT,LUNGS LOBE,RIGHT,LOWER,
LUNGS LOWER RIGHT AND LEFT LOBES,LUNGS LOBES,BILATERAL,LOWER,
LUNGS LOWER RIGHT LOBE,LUNGS LOBE,RIGHT,LOWER,
LUNGS LUNG LESIONS,LUNGS,,,
LUNGS LUNG NODULES,LUNGS,,,
LUNGS LUNGS,LUNGS,,,
LUNGS MEDIUM LOBE,LUNGS MEDIUM LOBE,,,
LUNGS MEDIUM LOBE RIGHT LUNG,LUNGS MEDIUM LOBE,RIGHT,,
LUNGS METASTASES,LUNGS,,,
LUNGS MIDDLE LOBE,LUNGS LOBE,MIDDLE,,
LUNGS MULTIPLE,LUNGS,,,MULTIPLE
LUNGS MULTIPLE LESIONS OF THE LEFT LUNG,LUNGS,LEFT,,MULTIPLE
LUNGS MULTIPLE LUNG NODULES,LUNGS,,,MULTIPLE
LUNGS MULTIPLE METASTASIS,LUNGS,,,MULTIPLE
LUNGS MULTIPLES NODES,LUNGS,,,MULTIPLE
LUNGS NODES BOTH BASE PULMONARY,LUNGS,BILATERAL,,
LUNGS NODULAR INFILTRATE LEFT LUNG LOWER LOBE,LUNGS,LEFT,,
LUNGS NODULE,LUNGS NODULE,,,
LUNGS NUMEROUS PULMONARY NODULES,LUNGS,,,MULTIPLE
LUNGS POSTERIOR SEGMENT,LUNGS,,POSTERIOR,
LUNGS POSTERIOR SEGMENT RIGHT LOWER LOBE,LUNGS POSTERIOR SEGMENT,RIGHT,LOWER,
LUNGS PULMONARY LEFT INFERIOR LOBE,LUNGS PULMONARY LOBE,LEFT,INFERIOR,
LUNGS RESIDUAL NODULUS,LUNGS NODULUS,,,
LUNGS RIGHT APICAL,LUNGS APICAL,RIGHT,,
LUNGS RIGHT BASE NODULE,LUNGS BASE NODULE,RIGHT,,
LUNGS RIGHT HEPATIC LOBE,LUNGS LOBE,RIGHT,,
LUNGS RIGHT INFERIOR LOBUS,LUNGS LOBUS,RIGHT,INFERIOR,
LUNGS RIGHT LOWER LOBE,LUNGS,RIGHT,LOWER,
LUNGS RIGHT LOWER LOBE LUNG,LUNGS,RIGHT,LOWER,
LUNGS RIGHT LOWER LOBE POSTERIOR-MEDIAL,LOUNGS POSTERIOR-MEDIAL,RIGHT,LOWER,
LUNGS RIGHT LOWER LOBE-NODULAR,LUNGS NODUAR-LOBE,RIGHT,LOWER,
LUNGS RIGHT LOWER LUNG NODULE,LUNGS LUNG NODULE,RIGHT,LOWER,
LUNGS RIGHT LUNG,LUNGS,RIGHT,,
LUNGS RIGHT LUNG BASE NODULE,LUNGS BASE NODULE,RIGHT,,
LUNGS RIGHT SEG. 6,LUNGS SEGMENT 6,RIGHT,,
LUNGS RIGHT UP LOBE NODE,LUNGS LOBE NODE,RIGHT,UPPER,
LUNGS RIGHT UPPER LOBE,LUNGS LOBE,RIGHT,UPPER,
LUNGS RIGHT UPPER LOBE LUNG,LUNGS LOBE,RIGHT,UPPER,
LUNGS RIGTH LOWER LOBE,LUNGS LOBE,RIGHT,LOWER,
LUNGS RIHGT LOWER LOBE,LUNGS LOBE,RIGHT,LOWER,
LUNGS ROUND FOCUS POST BASAL RIGHT,LUNGS FOCUS POST BASAL,RIGHT,,
LUNGS RUL NODULE,LUNGS NODULE,RIGHT,UPPER,
LUNGS S4 RIGHT,LUNGS SEGMENT 4,RIGHT,,
LUNGS S6 RIGHT,LUNGS SEGMENT 6,,,
LUNGS S8,LUNGS SEGMENT 8,,,
LUNGS S8-9,LUNGS SEGMENT 8-9,,,
LUNGS SEG 10 RIGHT,LUNGS SEGMENT 10,,,
LUNGS SEG 2 RIGHT,LUNGS SEGMENT 2,,,
LUNGS SEG 6 LEFT,LUNGS SEGMENT 6,,,
LUNGS SEG. 10,LUNGS SEGMENT 10,,,
LUNGS SEG. 3,LUNGS SEGMENT 3,,,
LUNGS SEG. 6,LUNGS SEGMENT 6,,,
LUNGS SEG.. 9,LUNGS SEGMENT 9,,,
LUNGS SEGMENT 1,LUNGS SEGMENT 1,,,
LUNGS SEGMENT 1/2 LEFT,LUNGS SEGMENT 1-2,LEFT,,
LUNGS SEGMENT 10 LEFT,LUNGS SEGMENT 10,LEFT,,
LUNGS SEGMENT 10 OF RIGHT LUNG,LUNGS SEGMENT 10,RIGHT,,
LUNGS SEGMENT 3 OF THE LEFT LUNG,LUNGS SEGMENT 3,,,
LUNGS SEGMENT 6,LUNGS SEGMENT 6,,,
LUNGS SEGMENT 8 RIGHT,LUNGS SEGMENT 8,RIGHT,,
LUNGS SEGMENT 8/9,LUNGS SEGMENT 8-9,,,
LUNGS SEGMENT 9 OF THE LEFT LUNG,LUNGS SEGMENT 9,LEFT,,
LUNGS SEGMENT 9 RIGHT,LUNGS SEGMENT 9,RIGHT,,
LUNGS SMALL PLEURAL EFFUSIONS BILATERALLY,LUNGS PLEURAL EFFUSIONS,BILATERAL,,
LUNGS SUPERIOR LOBE LEFT LUNG,LUNGS SUPERIOR LOBE,LEFT,,
LUNGS SUPERIOR RIGHT LOBE,LUNGS SUPERIOR LOBE,RIGHT,,
LUNGS UPPER LOBE LEFT,LUNGS LOBE,LEFT,UPPER,
LYMPH NODES,LYMPH NODES,,,
LYMPH NODES 10 JCGC,LYMPH NODES 10,,,
LYMPH NODES 3 JCGC,LYMPH NODES 3,,,
LYMPH NODES ABDOMEN,LYMPH NODES,ABDOMEN,,
LYMPH NODES ABDOMINAL,LYMPH NODES,ABDOMINAL,,
LYMPH NODES ABDOMINAL LYMPH NODES,LYMPH NODES,ABDOMINAL,,
LYMPH NODES ALONG ABDOMINAL AORTA,LYMPH NODES,ABDOMINAL,,
LYMPH NODES ALONG INGUAL ARTERY,LYMPH NODES ALONG INGUAL ARTERY,,,
LYMPH NODES ALONGT THE CELIAC AXIS,LYMPH NODES ALONG CELIAC AXIS,,,
LYMPH NODES ANTERIOR L ABDOMINAL AORTA,LYMPH NODES ABDOMINAL AORTA,LEFT,ANTERIOR,
LYMPH NODES AROUND PANCREAS,LYMPH NODES AROUND PANCREAS,,,
LYMPH NODES AT THE ORIGIN OF THE CELIAC TRUNK,LYMPH NODES AT THE ORIGIN OF THE CELIAC TRUNK,,,
LYMPH NODES BEHIND PORTAL VEIN,LYMPH NODES BEHIND PORTAL VEIN,,,
LYMPH NODES BELOW OF PANCREAS HEAD,LYMPH NODES PANCRAS HEAD,,BELOW,
LYMPH NODES BETWEEN PANCRES HEAD AND THIRD DUODENUM,LYMPH NODES PANCREAS HEAD AND THIRD DUODENUM,,,
LYMPH NODES BIFURCATION,LYMPH NODES,,,
LYMPH NODES BY GASTER,LYMPH NODES BY GASTER,,,
LYMPH NODES CAELIAC ADENOPATHY,LYMPH NODES,,,
LYMPH NODES CAELIAC JUNCTION,LYMPH NODES CELIAC,,,
LYMPH NODES CELIAC,LYMPH NODES CELIAC,,,
LYMPH NODES CELIAC ACCESS/LESSOR OMENTUM,LYMPH NODES CELIAC,,,
LYMPH NODES CELIAC LYMPH NODES,LYMPH NODES CELIAC,,,
LYMPH NODES CELIAC REGION,LYMPH NODES CELIAC,,,
LYMPH NODES CELIAC TRUNK,LYMPH NODES CELIAC,,,
"LYMPH NODES CELIAC, LOMBOAORTIC",LYMPH NODES CELIAC,,,
LYMPH NODES CERVICAL (LEFT RETROGIUGULAR),LYMPH NODES CERVICAL,,,
LYMPH NODES COELIAC ADENOPATHY,LYMPH NODES,,,
LYMPH NODES COMMON LEFT RETROILIAC,LYMPH NODE RETROILIAC,LEFT,,
LYMPH NODES DORSAL OF PANCREAS,LYMPH NODES OF PANCREAS,,DORSAL,
LYMPH NODES GASTRO HEPATIC LIGAMENT,LYMPH NODES GASTROHEPATIC LIGAMENT,,,
LYMPH NODES GASTROHEPATIC,LYMPH NODES GASTROHEPATIC,,,
LYMPH NODES HEPATIC HILLIUM,LYMPH NODES HEPATIC HILIUM,,,
LYMPH NODES HEPATIC HILUM,LYMPH NODES HEPATIC HILIUM,,,
LYMPH NODES HEPATIC HILUM ADENOPATHY,LYMPH NODES HEPATIC HILIUM,,,
LYMPH NODES HEPATIC HILUS,LYMPH NODES HEPATIC HILIUM,,,
LYMPH NODES HEPATIC LATERAL HILUM,LYMPH NODES HEPATIC HILIUM,LATERAL,,
LYMPH NODES HEPATIC MEDIAL HILUM,LYMPH NODES HEPATIC HILIUM,MEDIAL,,
LYMPH NODES HEPATODUODENAL LIGAMENT,LYMPH NODES HEPATODUODENALE LIGAMENTUM,,,
LYMPH NODES HILUS OF LIVER,LYMPH NODES HILIUM OF LIVER,,,
LYMPH NODES ILIAC,LYMPH NODES ILIAC,,,
LYMPH NODES ILO,LYMPH NODES ILO,,,
LYMPH NODES IN FRONT OF PANCREAS,LYMPH NODES IN FRONT TO PANCREAS,,,
LYMPH NODES IN MEDIASTINUM,LYMPH NODES IN MEDIASTINUM,,,
LYMPH NODES IN RETROPERITONEUM,LYMPH NODES IN RETROPERITONEUM,,,
LYMPH NODES INFERIOR MESENTERIC,LYMPH NODES MESENTERIC,,INFERIOR ,
LYMPH NODES INFERIOR MESENTERIC GANGLION,LYMPH NODES MESENTERIC GANGLION,,INFERIOR,
LYMPH NODES INFRACLAVICULAR NODE,LYMPH NODES INFRACLAVICULAR NODE,,,
LYMPH NODES INFRARENAL PART,LYMPH NODES INFRARENAL,,,PORTION
LYMPH NODES INTER AORTICO CAVA ADENOPATHY,LYMPH NODES INTER AORTO-CAVA,,,
LYMPH NODES INTER AORTICO CAVA LYMPHNODE,LYMPH NODES INTER AORTO-CAVA,,,
LYMPH NODES INTER AORTO-CAVAL,LYMPH NODES INTER AORTO-CAVA,,,
LYMPH NODES INTER-AOTICO-CAVA MASS,LYMPH NODES INTER AORTO-CAVA,,,
LYMPH NODES INTERAORTOCAVAL,LYMPH NODES INTER AORTO-CAVA,,,
LYMPH NODES INTERAORTOCAVAL LYMPH NODES,LYMPH NODES INTER AORTO-CAVA,,,
LYMPH NODES INTERNAL MAMMARY LYMPH NODE,LYMPH NODES MAMMARY,,INTERIOR,
LYMPH NODES INTERPORTOCAVAL,LYMPH NODES INTER PORTO-CAVA,,,
LYMPH NODES INTRA ABDOMINAL,LYMPH NODES INTRA ABDOMINAL,,,
LYMPH NODES INTRAAORTOCAVAL,LYMPH NODES INTER AORTO-CAVA,,,
LYMPH NODES INTRAAORTOCAVALIC L2,LYMPH NODES INTER AORTO-CAVA SEGMENT 2,,,
LYMPH NODES KIDNEY,LYMPH NODES KIDNEY,,,
LYMPH NODES LATERAL OF AORTA NEAR RENAL HILUM,LYMPH NODES  OF AORTA NEAR RENAL HILIUM,LATERAL,,
LYMPH NODES LATERAL OF AORTA UNDER RENAL HILUM,LYMPH NODES  OF AORTA NEAR RENAL HILIUM,LATERAL,,
LYMPH NODES LEFT,LYMPH NODES,LEFT,,
LYMPH NODES LEFT AXILARY LYMPH NODE,LYMPH NODES,LEFT,,
LYMPH NODES LEFT CELIAC LYMPH NODE,LYMPH NODES CELIAC,LEFT,,
LYMPH NODES LEFT LATERAL AORTIC LYMPH NODES,LYMPH NODES AORTIC,LEFT,,
LYMPH NODES LEFT PARAAORTIC,LYMPH NODES PARAAORTIC,LEFT,,
LYMPH NODES LEFT PARAORTIC NODES,LYMPH NODES PARAAORTIC,LEFT,,
LYMPH NODES LEFT RENTAL ARTERY,LYMPH NODES,LEFT,,
LYMPH NODES LEFT SIDE OF ABDOMINAL AORTA,LYMPH NODES SIDE OF ABDOMINAL AORTA,LEFT,,
LYMPH NODES LESSER OMENTUM,LYMPH NODES OMENTUM,,,
LYMPH NODES LIMPHNODES,LYMPH NODES,,,
LYMPH NODES LIVER GATE,LYMPH NODES LIVER GATE,,,
LYMPH NODES LIVER HILUM,LYMPH NODES LIVER HILIUM,,,
LYMPH NODES LIVER MARGIN,LYMPH NODES LIVER MARGIN,,,
LYMPH NODES LN AXILLAE LEFT,LYMPH NODES AXILLARY,LEFT,,
LYMPH NODES LN MESENTERIAL,LYMPH NODES MESENTERIC,,,
LYMPH NODES LN PARAAORTAL,LYMPH NODES PARAAORTAL,,,
LYMPH NODES LN PARACARDIAL,LYMPH NODES PARACARDIAL,,,
LYMPH NODES LN PARASTERNAL LEFT,LYMPH NODES PARASTERNAL,,,
LYMPH NODES LN PERIPANCREATIC,LYMPH NODES PERIPANCREATIC,,,
LYMPH NODES LN PORTAL,LYMPH NODES PORTAL,,,
LYMPH NODES LOMBOAORTIC,LYMPH NODES LOMBOAORTIC,,,
LYMPH NODES LT SIDED RETROPERITONEAL NODE,LYMPH NODES RETOPERITONEAL,LEFT,,
LYMPH NODES LYMPH NODE HEPATIC ARTERY,LYMPH NODES HEPATIC ARTERY,,,
LYMPH NODES LYMPH NODE IN AORTO-PULMONARY WINDOW,LYMPH NODE IN AORTO-PULMONARY WINDOW,,,
LYMPH NODES LYMPH NODE INTER-AORTICO-CAVE REGION,LYMPH NODE INTER-AORTO-CAVA,,,
LYMPH NODES LYMPH NODE LATERAL OF AORTE UNDER RENAL HILUM,LYMPH NODE LATERAL OF AORTA,,,
LYMPH NODES LYMPH NODES,LYMPH NODES,,,
LYMPH NODES LYMPH NODES ALONG TRACHEA,LYMPH NODES ALONG TRACHEA,,,
LYMPH NODES LYMPHNODES,LYMPH NODES,,,
LYMPH NODES LYMPHONODE CRUS,LYMPH NODE CRUS,,,
LYMPH NODES MEDIAL TO PANCREAS,LYMPH NODES IN PANCREAS,MEDIAL,,
LYMPH NODES MEDIASTINAL,LYMPH NODES MEDIASTINAL,,,
LYMPH NODES MEDIASTINAL NODE,LYMPH NODES MEDIASTINAL,,,
LYMPH NODES MESENTERIAL,LYMPH NODES MESENTERIC,,,
LYMPH NODES MESENTERIAL LYMPH NODE,LYMPH NODES MESENTERIC,,,
LYMPH NODES MESENTERIC,LYMPH NODES MESENTERIC,,,
LYMPH NODES MESENTERIC LYMPH NODES,LYMPH NODES MESENTERIC,,,
LYMPH NODES MESENTERIC ROOT,LYMPH NODES MESENTERIC ROOT,,,
LYMPH NODES MESENTERIC VEIN,LYMPH NODES MESENTERIC VEIN,,,
LYMPH NODES MESENTERY,LYMPH NODES MESENTERIC,,,
LYMPH NODES MESORECTOSIGMOID NODES,LYMPH NODES MESORECTOSIGMOID,,,
LYMPH NODES MINIMAL HILAR,LYMPH NODES HILAR,,,MINIMAL
LYMPH NODES MINIMAL MEDIASTINAL,LYMPH NODES MEDIASTINAL,,,MINIMAL
LYMPH NODES MULTILEASIONS,LYMPH NODES,,,MULTIPLE
LYMPH NODES MULTIPLE CELIAC TRUNK,LYMPH NODES,,,MULTIPLE
LYMPH NODES MULTIPLE MEDISTINAL,LYMPH NODES MEDIASTINAL,,,MULTIPLE
LYMPH NODES MULTIPLE MESENTARY NODES,LYMPH NODES MESENTERIC,,,MULTIPLE
LYMPH NODES MULTIPLE NODES,LYMPH NODES,,,MULTIPLE
LYMPH NODES MULTIPLE RETROPERITONEAL,LYMPH NODES RETROPERITONEAL,,,MULTIPLE
LYMPH NODES NEAR FROM VERTEBRAE TH12-L2,LYMPH NODES NEAR VEREBRAE L2,,,
LYMPH NODES NEAR FROM VERTEBRUM L2,LYMPH NODES NEAR VEREBRAE L2,,,
LYMPH NODES NEAR RENAL HILUM,LYMPH NODES NEAR RENAL HILUM,,,
LYMPH NODES NEAR RENAL HILUS NODES,LYMPH NODES NEAR RENAL HILUM,,,
LYMPH NODES NEAR THE RENAL HILUM,LYMPH NODES NEAR RENAL HILUM,,,
LYMPH NODES NEAR TRACHEA,LYMPH NODES NEAR TRACHEA,,,
LYMPH NODES NEAR VENA CAVA INFERIOR,LYMPH NODES NEAR VENA CAVA,,INFERIOR,
LYMPH NODES NEXT TO HEAD OF PANCREAS,LYMPH NODES NEXT TO HEAD OF PANCREAS,,,
LYMPH NODES NEXT TO LIVER GATE,LYMPH NODES NEXT TO LIVER GATE,,,
LYMPH NODES NODE,LYMPH NODES,,,
LYMPH NODES NODE PERITONEAL,LYMPH NODES PERITONEAL,,,
LYMPH NODES NODULE LESSER SAC-PERIPANCREATIC,LYMPH NODES NODULE PERIPANCREATIC,,,
LYMPH NODES OF AORTICOPULMONARY WINDOW,LYMPH NODES OF AORTICOPULMONARY WINDOW,,,
LYMPH NODES PANCREATIC,LYMPH NODES PANCREATIC,,,
LYMPH NODES PANCREATIC LYMPH NODES,LYMPH NODES PANCREATIC,,,
LYMPH NODES PARA AORTIC,LYMPH NODES PARA AORTIC,,,
LYMPH NODES PARA AORTIC BIFIRCATION,LYMPH NODES PARA AORTIC BIFIRCATION,,,
LYMPH NODES PARA AORTIC L1,LYMPH NODES PARA AORTIC L1,,,
LYMPH NODES PARA AORTIC L2,LYMPH NODES PARA AORTIC L2,,,
"LYMPH NODES PARA AORTIC, L3","LYMPH NODES PARA AORTIC, L3",,,
"LYMPH NODES PARA AORTIC, L4","LYMPH NODES PARA AORTIC, L4",,,
LYMPH NODES PARA-AORTIC,LYMPH NODES PARA-AORTIC,,,
LYMPH NODES PARA-AORTICO-VENA,LYMPH NODES PARA-AORTICO-VENA,,,
LYMPH NODES PARAAORTAL,LYMPH NODES PARAAORTAL,,,
LYMPH NODES PARAAORTAL LYMPH NODULE,LYMPH NODES PARAAORTAL,,,
LYMPH NODES PARAAORTIC,LYMPH NODES PARAAORTIC,,,
LYMPH NODES PARACARDIAL,LYMPH NODES PARACARDIAL,,,
LYMPH NODES PARACAVAL,LYMPH NODES PARACAVAL,,,
LYMPH NODES PARACAVAL PARA-AORTIC,LYMPH NODES PARACAVAL PARA-AORTIC,,,
LYMPH NODES PARAORTIC LYMPH NODES,LYMPH NODES PARAAORTIC,,,
LYMPH NODES PARAPANCREATIC,LYMPH NODES PARAPANCREATIC,,,
LYMPH NODES PARAPANREATIC,LYMPH NODES PARAPANCREATIC,,,
LYMPH NODES PARATRACHAEL,LYMPH NODES PARATRACHAEL,,,
LYMPH NODES PARATRACHEAL,LYMPH NODES PARATRACHAEL,,,
LYMPH NODES PERI PANCREATIC,LYMPH NODES PERIPANCREATIC,,,
LYMPH NODES PERICAVAL,LYMPH NODES PERICAVAL,,,
LYMPH NODES PERIGASTRIC LYMPH NODE,LYMPH NODES PERIGASTRIC,,,
LYMPH NODES PERIPANCREATIC,LYMPH NODES PERIPANCREATIC,,,
LYMPH NODES PERIPANCREATIC NODE,LYMPH NODES PERIPANCREATIC,,,
LYMPH NODES PERIPANCREATIC-MULTIPLE,LYMPH NODES PERIPANCREATIC,,,MULTIPLE
LYMPH NODES PERIPORTAL,LYMPH NODES PERIPORTAL,,,
LYMPH NODES PERITONEUM ADENOPATHY,LYMPH NODES PERITONEUM,,,
LYMPH NODES PORTA HEPATIS NODE,LYMPH NODES PORTA HEPATIS,,,
LYMPH NODES PORTACAVAL,LYMPH NODES PORTACAVAL,,,
LYMPH NODES PORTAL CAVAL NODE,LYMPH NODES PORTACAVAL,,,
LYMPH NODES PORTAL LIMPH NODES,LYMPH NODES PORTAL,,,
LYMPH NODES PORTAL LYMPH NODE,LYMPH NODES PORTAL,,,
LYMPH NODES PORTAL LYMPH NODES,LYMPH NODES PORTAL,,,
LYMPH NODES PORTAL OF LIVER,LYMPH NODES PORTAL OF LIVER,,,
LYMPH NODES PORTOCAVAL,LYMPH NODES PORTACAVAL,,,
LYMPH NODES POSTEROCAVAL,LYMPH NODES POSTEROCAVAL,,,
LYMPH NODES PRE-AORTIC,LYMPH NODES PRE-AORTIC,,,
LYMPH NODES PRE-VASCOLAR,LYMPH NODES PRE-VASCOLAR,,,
LYMPH NODES PRECARINAL REGION,LYMPH NODES PRECARINAL REGION,,,
LYMPH NODES PRETRACHEAL RIGHT,LYMPH NODES PRETRACHEAL,,,
LYMPH NODES RETRO PANCREATIC LYMPHNODES,LYMPH NODES RETROPANCREATIC,,,
LYMPH NODES RETROCAVAL,LYMPH NODES RETROCAVAL,,,
LYMPH NODES RETROCAVAL LYMPH NODE,LYMPH NODES RETROCAVAL,,,
LYMPH NODES RETROPANCREATIC,LYMPH NODES RETROPANCREATIC,,,
LYMPH NODES RETROPANCREATIC ADENOPATHY,LYMPH NODES RETROPANCREATIC,,,
LYMPH NODES RETROPERITONEAL,LYMPH NODES RETROPERITONEAL,,,
LYMPH NODES RETROPERITONEAL,LYMPH NODES RETROPERITONEAL,,,
LYMPH NODES RETROPERITONEUM ADENOPATHY,LYMPH NODES RETROPERITONEAL,,,
LYMPH NODES RETROPWERITONEAL,LYMPH NODES RETROPERITONEAL,,,
LYMPH NODES RIGHT ANTERIOR CARDIOPHRENIC SINUS,LYMPH NODES ANTERIOR CARDIOPHRENIC,RIGHT,,
LYMPH NODES RIGHT AXILARY LYMPH NODE,LYMPH NODES AXILLARY,RIGHT,,
LYMPH NODES RIGHT BRONHOPULMONARY,LYMPH NODES BRONCHOPULMONARY,RIGHT,,
LYMPH NODES RIGHT CARDOPHRENIC LYMPH NODES,LYMPH NODES CARDOPHRENIC,RIGHT,,
LYMPH NODES RIGHT COMMON ILIAC ARTERY,LYMPH NODES COMMON ILIAC ARTERY,RIGHT,,
LYMPH NODES RIGHT HILAR,LYMPH NODES HILAR,RIGHT,,
LYMPH NODES RIGHT OF CELIAC TRUNK,LYMPH NODES CELIAC TRUNK,RIGHT,,
LYMPH NODES RIGHT PERI CARINAL,LYMPH NODES PERICARNIAL,RIGHT,,
LYMPH NODES RIGHT PULMONARY HIL,LYMPH NODES PULMONARY,RIGHT,,
LYMPH NODES RIGHT RETROCRURAL,LYMPH NODES RETROCRURAL,RIGHT ,,
LYMPH NODES RIGHT SIDE LESION,LYMPH NODES,RIGHT,,
LYMPH NODES SMALL CELIAC ADENOPHATY,LYMPH NODES CELIAC,,,
LYMPH NODES SMALL PERIPANCREATIC LYMPH NODES,LYMPH NODES PERIPANCREATIC,,,
LYMPH NODES STOMACH,LYMPH NODES STOMACH,,,
LYMPH NODES SUBCARINAL LYMPH NODE,LYMPH NODES SUBCARNIAL,,,
LYMPH NODES SUBCARINAL LYMPH NODES,LYMPH NODES SUBCARNIAL,,,
LYMPH NODES SUBCARINAL NODE,LYMPH NODES SUBCARNIAL,,,
LYMPH NODES SUPERIOR MEDIASTINA NODE,LYMPH NODES MEDIASTINAL,,SUPERIOR ,
LYMPH NODES SUPERIOR MESENTERIC,LYMPH NODES MESENTERIC,,SUPERIOR,
LYMPH NODES SUPERIOR MESENTERIC GANGLION,LYMPH NODES MESENTERIC GANGLION,,SUPERIOR,
LYMPH NODES SUPRACLAVIKULAR LEFT,LYMPH NODES SUPRACLAVIKULAR,LEFT,,
LYMPH NODES THE LESSER CURVATURE OF THE STOMACH,LYMPH NODES LESSER CURVATURE OF THE STOMACH,,,
LYMPH NODES THE RETROPANCREATIC SPACE,LYMPH NODES RETROPANCREATIC,,,
LYMPH NODES THORAX,LYMPH NODES THORAX,,,
LYMPH NODES THORAX-REGION BOTAL,LYMPH NODES THORAX,,,
LYMPH NODES THORAX-TRACHEAL BIFURCATION FRONT,LYMPH NODES THORAX,,,
LYMPH NODES TRACHEAL,LYMPH NODES TRACHEAL,,,
LYMPH NODES TRUNCUS COELICAUS,LYMPH NODES TRUNCUS COELICAUS,,,
LYMPH NODES TRUNCUS COLIACUS,LYMPH NODES TRUNCUS COELICAUS,,,
LYMPH NODES UNCINATED LOBE MASS,LYMPH NODES UNCINATED LOBE MASS,,,
LYMPH NODES UNDER CARINA,LYMPH NODES UNDER CARINA,,,
LYMPH NODES UNDER RENAL HILUM,LYMPH NODES  UNDER RENAL HILUM,,,
LYMPH NODES UPPER MESENTERIC,LYMPH NODES MESENTERIC,,UPPER,
MUSCLE / SOFT TISSUE ABDOMINAL WALL,MUSCLE / SOFT TISSUE ABDOMINAL WALL,,,
MUSCLE / SOFT TISSUE BEHIND ARTERIA MESENTERICA TO AORTA,MUSCLE / SOFT TISSUE BEHIND ARTERIA MESENTERICA TO AORTA,,,
MUSCLE / SOFT TISSUE LEFT PERIURETERAL MASS,MUSCLE / SOFT TISSUE PERIURETERAL,LEFT,,
MUSCLE / SOFT TISSUE TISSUE RETROPERITONEAL TUMOR,MUSCLE / SOFT TISSUE TISSUE RETROPERITONEAL TUMOR,,,
MUSCLE / SOFT TISSUE TUMOR INFILTRATION OF FATTY TISSUE AROUND UPPER MESENTERIAL VEIN,,,,
MUSCLE / SOFT TISSUE TUMOR INFILTRATION OF FATTY TISSUE IN THE AREA OF PORTAL OF LIVER,,,,
OTHER,OTHER,,,
OTHER EPIGASTRIC LIPID TISSUE,EPIGASTRIC LIPID TISSUE,,,
OTHER LEFT PART OF THE THYROID GLAND,THYROID GLAND,LEFT,,PORTION
OTHER PERICARDIAL EFFUSION,PERICARDIAL EFFUSION,,,
OTHER PERICARDITIS,PERICARDITIS,,,
OTHER SUPERIOR MESENTERIC ARTERY,MESENTERIC ARTERY,,SUPERIOR ,
OVARIES LEFT AND RIGHT,OVARIES,BILATERAL,,
PANCREAS,PANCREAS,,,
PANCREAS AFECTATION OF PANCREAS,PANCREAS,,,
PANCREAS ANTERIOR TO PANCREATIC BODY,PANCREAS,,ANTERIOR,
PANCREAS BETWEEN TAIL AND BODY,PANCREAS,,,
PANCREAS BODY,PANCREAS,,,
PANCREAS BODY AND CAUDA PANCREATI,PANCREAS BODY-CAUDAL,,,
PANCREAS BODY AND HEAD,PANCREAS BODY-HEAD,,,
PANCREAS BODY AND TAIL,PANCREAS BODY-TAIL,,,
PANCREAS BODY AND TAIL JONCTION,PANCREAS BODY-TAIL JUNCTION,,,
PANCREAS BODY OF PANCREAS,PANCREAS BODY,,,
PANCREAS BODY OF THE PANCREAS,PANCREAS BODY,,,
"PANCREAS BODY, TAIL",PANCREAS BODY-TAIL,,,
PANCREAS BODY-HEAD,PANCREAS BODY-HEAD,,,
PANCREAS BODY-TAIL,PANCREAS BODY-TAIL,,,
PANCREAS BODY-TAIL JUNCTION,PANCREAS BODY-TAIL JUNCTION,,,
PANCREAS BODY-TAIL SPACE,PANCREAS BODY-TAIL,,,
PANCREAS CAPUT,PANCREAS CAPUT,,,
PANCREAS CAUDA,PANCREAS CAUDAL,,,
PANCREAS CAUDA BODY,PANCREAS CAUDAL,,,
PANCREAS CORPUS,PANCREAS CORPUS,,,
PANCREAS CORPUS + TAIL,PANCREAS CORPUS-TAIL,,,
PANCREAS CORPUS/CAUDA,PANCREAS CORPUS-CAUDAL,,,
PANCREAS DISTAL PANCREAS,PANCREAS DISTAL,,,
PANCREAS DUCTAL,PANCREAS DUCTAL,,,
PANCREAS HEAD,PANCREAS HEAD,,,
PANCREAS HEAD & BODY OF THE PANCREAS,PANCREAS HEAD-BODY,,,
PANCREAS HEAD AND BODY,PANCREAS HEAD-BODY,,,
PANCREAS HEAD AND BODY MASS,PANCREAS HEAD-BODY,,,
PANCREAS HEAD AND NECK,PANCREAS HEAD-NECK,,,
PANCREAS HEAD CORPUS,PANCREAS HEAD-CORPUS,,,
PANCREAS HEAD MASS,PANCREAS HEAD,,,
PANCREAS HEAD OF PANCREAS,PANCREAS HEAD,,,
PANCREAS HEAD OF PANCREAS MASS,PANCREAS HEAD,,,
PANCREAS HEAD OF THE PANCREAS,PANCREAS HEAD,,,
PANCREAS HEAD PANCREAS,PANCREAS HEAD,,,
PANCREAS INFILITRATING WITHIN BODY AND TAIL,PANCREAS BODY-TAIL,,,
PANCREAS JUNCTION OF TAIL AND BODY,PANCREAS JUNCTION OF TAIL AND BODY,,,
PANCREAS KAUDA OF PANCREAS,PANCREAS CAUDAL,,,
PANCREAS MASS MEDIAL ASPECT OF UNCINATE PROCESS,PANCREAS MASS MEDIAL ASPECT OF UNCINATE PROCESS,,,
PANCREAS MID BODY,PANCREAS MID BODY,,,
PANCREAS MULTIPLE NODES,PANCREAS NODES,,,MULTIPLE
PANCREAS NECK AND BODY,PANCREAS NECK-BODY,,,
PANCREAS NODULARITY,PANCREAS NODES,,,
PANCREAS NODULE INTO ROOT OF MESENTARY,PANCREAS NODULE INTO ROOT OF MESENTARY,,,
PANCREAS NODULE MEDIAL TO PANCREAS HEAD,PANCREAS NODULE MEDIAL TO PANCREAS HEAD,,,
PANCREAS PANCRATIC TAIL AND PORTION OF THE BODY,PANCREAS BODY-TAIL,,,PORTION
PANCREAS PANCREAS,PANCREAS,,,
PANCREAS PANCREAS BODY,PANCREAS BODY,,,
PANCREAS PANCREAS BODY MASS,PANCREAS BODY,,,
PANCREAS PANCREAS CORPUS,PANCREAS CORPUS,,,
PANCREAS PANCREAS HEAD,PANCREAS HEAD,,,
PANCREAS PANCREAS TAIL,PANCREAS TAIL,,,
PANCREAS PANCREAS-HEAD,PANCREAS HEAD,,,
PANCREAS PANCREASCORPUS,PANCREAS CORPUS,,,
PANCREAS PANCREASHEAD,PANCREAS HEAD,,,
PANCREAS PANCREATIC BODY,PANCREAS BODY,,,
PANCREAS PANCREATIC BODY MASS,PANCREAS BODY,,,
PANCREAS PANCREATIC HEAD,PANCREAS HEAD,,,
PANCREAS PANCREATIC HEAD & BODY,PANCREAS HEAD-BODY,,,
PANCREAS PANCREATIC HEAD/UNCINATE,PANCREAS UNICATE PROCESS-HEAD,,,
PANCREAS PANCREATIC MASS,PANCREAS,,,
PANCREAS PANCREATIC NECK,PANCREAS NECK,,,
PANCREAS PANCREATIC TAIL,PANCREAS TAIL,,,
PANCREAS PANCREATIC TAIL MASS,PANCREAS TAIL,,,
PANCREAS PANCREATIC TUMOR-HEAD AND BODY,PANCREAS HEAD-BODY,,,
PANCREAS PERIPANCREATIC,PANCREAS,,,
PANCREAS PROCESSUS ULCINATUS,PANCREAS UNCINATE PROCESS,,,
PANCREAS PROCESSUS UNCINATUS,PANCREAS UNCINATE PROCESS,,,
PANCREAS RETROPANCREATIC AREA,PANCREAS RETROPANCREATIC,,,
PANCREAS SOFT TISSUE / NECK,PANCREAS SOFT TISSUE-NECK,,,
PANCREAS TAIL,PANCREAS TAIL,,,
PANCREAS TAIL AND BODY,PANCREAS BODY-TAIL,,,
PANCREAS TAIL OF PANCREAS,PANCREAS TAIL,,,
PANCREAS TAIL OF THE PANCREAS,PANCREAS TAIL,,,
PANCREAS TUMOR NODE,PANCREAS NODES,,,
PANCREAS TUMOR-L3-TAIL PANCREAS,PANCREAS TAIL,,,
PANCREAS UNCINATE PROCESS,PANCREAS UNCINATE PROCESS,,,
PANCREAS UNCINATE PROCESS OF PANCREAS,PANCREAS UNCINATE PROCESS,,,
PANCREAS UNCUS,PANCREAS UNCUS,,,
PANCREAS UNICATE PROCESS-HEAD,PANCREAS UNICATE PROCESS-HEAD,,,
PERITONEUM,PERITONEUM,,,
PERITONEUM ABDOMINAL FLUID,PERITONEUM ABDOMINAL FLUID,,,
PERITONEUM ANTERIOR PERITONEAL SPACE,PERITONEUM,,ANTERIOR,
PERITONEUM ASCIITES,PERITONEUM ASCITES,,,
PERITONEUM ASCITES,PERITONEUM ASCITES,,,
PERITONEUM ASCITIS,PERITONEUM ASCITES,,,
PERITONEUM ASCYTES,PERITONEUM ASCITES,,,
PERITONEUM CARCINOMATOSIS,PERITONEUM CARCINOMATOSIS,,,
PERITONEUM CARCINOSIS,PERITONEUM CARCINOSIS,,,
PERITONEUM CAUDAL OF LIVER,PERITONEUM CAUDAL OF LIVER,,,
PERITONEUM DIFFUSE,PERITONEUM,,,
PERITONEUM EPIPLOON NEAR LEFT COLON,PERITONEUM EPIPLOON NEAR LEFT COLON,,,
PERITONEUM EPIPLOON NEAR STOMACH,PERITONEUM EPIPLOON NEAR STOMACH,,,
PERITONEUM FREE FLUID ASCITES,PERITONEUM FREE FLUID ASCITES,,,
PERITONEUM IMPLANT 1 - NODULE,PERITONEUM IMPLANT 1 - NODULE,,,
PERITONEUM IMPLANT 2 - NODULE,PERITONEUM IMPLANT 2 - NODULE,,,
PERITONEUM IMPLANT 3 - NODULE,PERITONEUM IMPLANT 3 - NODULE,,,
PERITONEUM LEFT ANTERIOR,PERITONEUM,LEFT,ANTERIOR,
PERITONEUM LEFT LATERAL,PERITONEUM,LEFT,LATERAL,
PERITONEUM LEFT PERITONEAL,PERITONEUM,LEFT,,
PERITONEUM LEFT UPPER,PERITONEUM,LEFT,UPPER,
PERITONEUM MALIGNANT ASCITIS,PERITONEUM,,,
PERITONEUM MESENTERY,PERITONEUM MESENTERY,,,
PERITONEUM MULTIPLE IMPLANTS,PERITONEUM IMPLANTS,,,MULTIPLE
PERITONEUM MULTIPLE NODULARITY,PERITONEUM NODULARITY,,,MULTIPLE
PERITONEUM MULTIPLE SITES,PERITONEUM SITES,,,MULTIPLE 
PERITONEUM NEAR COLON TRANSVERSE,PERITONEUM NEAR COLON TRANSVERSE,,,
PERITONEUM OMENTAL MASS JUST LEFT OF MIDLINE,PERITONEUM OMENTAL MASS JUST LEFT OF MIDLINE,,,
PERITONEUM OMENTUM,PERITONEUM OMENTUM,,,
PERITONEUM OMENTUM RIGHT LOWER QUADRANT,PERITONEUM OMENTUM,RIGHT,LOWER,
PERITONEUM PANCREAS BODY ANTERIORUM,PERITONEUM PANCREAS BODY,,ANTERIOR,
PERITONEUM PANCREAS TAIL ANTERIORUM,PERITONEUM PANCREAS TAIL,,,
PERITONEUM PERITONEAL CARCINOMA,PERITONEUM,,,
PERITONEUM PERITONEAL CARCINOMATOSIS,PERITONEUM,,,
PERITONEUM PERITONEAL CARCINOMATOSIS - LIVER ANTERO-LATERAL REGION,PERITONEUM - LIVER ANTERO-LATERAL REGION,,,
PERITONEUM PERITONEAL CARCINOMATOSIS ASCITES,PERITONEUM,,,
PERITONEUM PERITONEAL CARCINOSES,PERITONEUM,,,
PERITONEUM PERITONEAL CARCINOSIS NODULE,PERITONEAL NODULE,,,
PERITONEUM PERITONEAL EFFUSION,PERITONEUM,,,
PERITONEUM PERITONEAL IMPLANT,PERITONEUM,,,
PERITONEUM PERITONEAL NODULE,PERITONEUM,,,
PERITONEUM PERITONEUM,PERITONEUM,,,
PERITONEUM PERITONEUM ASCITES,PERITONEUM,,,
PERITONEUM PERITONEUM CARCINOSIS,PERITONEUM,,,
PERITONEUM PERIUMBILICAL,PERITONEUM,,,
PERITONEUM PERTITONEUM,PERITONEUM,,,
PERITONEUM PERTONEAL MASS INFEROPOSTERIOR TO LIVER,PERITONEUM INFEROPOSTERIOR TO LIVER,,,
PERITONEUM RIGHT OMENTAL DIESEASE,PERITONEUM OMENTAL,RIGHT,,
PERITONEUM SCATTERED-MULTIPLE,PERITONEUM,,,
PERITONEUM SIGMOIDAL,PERITONEUM,,,
PERITONEUM SUB CUTANEOUS FLUID COLLECTION,PERITONEUM SUB CUTANEOUS,,,
PERITONEUM UPPER ABDOMINAL ASCITES,PERITONEUM UPPER ABDOMINAL,,,
PERITONEUM UPPER REGION,PERITONEUM UPPER REGION ASCITES,,,
PLEURA,PLEURA,,,
PLEURA BILLATERAL PLEURAL EFFUSIONS,PLEURAL EFFUSIONS,BILATERAL,,
PLEURA DIAPHRAGMA,PLEURA DIAPHRAGMA,,,
PLEURA EFFUSION LEFT,PLEURA EFFUSION,LEFT,,
PLEURA LEFT,PLEURA,LEFT,,
PLEURA LEFT LUNG,PLEURA LUNG,LEFT,,
PLEURA LEFT PLEURAL EFFUSION,PLEURA EFFUSION,LEFT,,
PLEURA LEFTPLEURAL EFFUSION,PLEURA EFFUSION,LEFT,,
PLEURA PLEURA EFFUSION,PLEURA EFFUSION,,,
PLEURA PLEURA FLUID LEFT,PLEURA FLUID,LEFT,,
PLEURA PLEURAL,PLEURA,,,
PLEURA PLEURAL EFFUSION,PLEURA EFFUSION,,,
PLEURA PLEURAL INFILTRATION,PLEURA FLUID,,,
PLEURA PLEURAL LIQUID,PLEURA FLUID,,,
PLEURA RIGHT PLEURAL EFFUSION,PLEURAL EFFUSION,RIGHT,,
PLEURA UNDER DIAPHRAGMA,PLEURA DIAPHRAGMA,,UNDER,
RECTUM,RECTUM,,,
SKIN SUBCUTANEOUS LESION OF RIGHT EXTERN THORACIC WALL,SKIN SUBCUTANEOUS LESION,,,
SPLEEN,SPLEEN,,,
SPLEEN ANTERIOR,SPLEEN,,ANTERIOR,
SPLEEN ANTERO-SUPERIOR REGION OF SPLEEN,SPLEEN ANTERO-SUPERIOR REGION,,,
SPLEEN INFERO-ANTERIOR REGION OF SPLEEN,SPLEEN INFERO-ANTERIOR REGION,,,
SPLEEN LOWER POLE OF SPLEEN,SPLEEN,,LOWER,
SPLEEN MILT HILUM,SPLEEN,,,
SPLEEN PARAHILAR,SPLEEN,,,
SPLEEN POSTERIOR,SPLEEN,,POSTERIOR,
SPLEEN SPLEEN,SPLEEN,,,
SPLEEN SUBCAPSULAR,SPLEEN SUBCAPSULAR,,,
SPLEEN UPPER,SPLEEN,,UPPER,
SPLEEN UPPER POLE OF SPLEEN,SPLEEN POLE,,UPPER,
TESTIS PERITESTIS LESIONS,TESTIS PERITESTIS LESIONS,,,
